epoch,accuracy,learning_rate,loss,val_accuracy,val_loss
0,0.813862144947052,9.999999747378752e-06,0.5705954432487488,0.912411630153656,0.2384381741285324
1,0.8610838651657104,9.999999747378752e-06,0.3892793655395508,0.9131971597671509,0.22458305954933167
2,0.8769879937171936,9.999999747378752e-06,0.3342479169368744,0.9163393378257751,0.21398629248142242
3,0.8832220435142517,4.999999873689376e-06,0.31357139348983765,0.9171249270439148,0.2092086374759674
4,0.8870508670806885,4.999999873689376e-06,0.2998511493206024,0.9190887808799744,0.20566371083259583
