epoch,accuracy,learning_rate,loss,val_accuracy,val_loss
0,0.8077753782272339,0.0010000000474974513,0.5275936722755432,0.8872741460800171,0.2873220443725586
1,0.8686923384666443,0.0010000000474974513,0.340416818857193,0.9049489498138428,0.2522205114364624
2,0.8817494511604309,0.0010000000474974513,0.3108254373073578,0.9069128036499023,0.23872770369052887
3,0.8880816698074341,0.0005000000237487257,0.2927546203136444,0.9096621870994568,0.23265120387077332
4,0.8892107009887695,0.0005000000237487257,0.29029110074043274,0.9108405113220215,0.23440571129322052
