epoch,accuracy,learning_rate,loss,val_accuracy,val_loss
0,0.8210779428482056,9.999999747378752e-06,0.547254741191864,0.9104477763175964,0.24299131333827972
1,0.8638327121734619,9.999999747378752e-06,0.37200817465782166,0.9163393378257751,0.2309686839580536
2,0.8809640407562256,9.999999747378752e-06,0.32117170095443726,0.9179104566574097,0.21888798475265503
3,0.8896524906158447,9.999999747378752e-06,0.29642945528030396,0.9218381643295288,0.2100933939218521
4,0.8992735147476196,9.999999747378752e-06,0.27526867389678955,0.9253731369972229,0.20234358310699463
5,0.9016296863555908,9.999999747378752e-06,0.25668248534202576,0.9261586666107178,0.19628621637821198
6,0.9080600738525391,9.999999747378752e-06,0.24810312688350677,0.9269442558288574,0.19130948185920715
7,0.9115943312644958,9.999999747378752e-06,0.2316899299621582,0.9304791688919067,0.18697892129421234
