epoch,accuracy,learning_rate,loss,val_accuracy,val_loss
0,0.8168073892593384,9.999999747378752e-06,0.5582635402679443,0.9100549817085266,0.2456040233373642
1,0.8613783717155457,9.999999747378752e-06,0.3789809048175812,0.9120188355445862,0.22781246900558472
2,0.8787551522254944,9.999999747378752e-06,0.32258501648902893,0.9131971597671509,0.21619881689548492
3,0.8844492435455322,9.999999747378752e-06,0.3035210967063904,0.9175176620483398,0.20829488337039948
4,0.8944630026817322,9.999999747378752e-06,0.2781178653240204,0.9198743104934692,0.19919581711292267
5,0.9006970524787903,9.999999747378752e-06,0.2618262469768524,0.9234092831611633,0.19228222966194153
6,0.9062929749488831,9.999999747378752e-06,0.24982582032680511,0.9241948127746582,0.1889183670282364
7,0.9084527492523193,9.999999747378752e-06,0.24209527671337128,0.9257659316062927,0.18465577065944672
