epoch,accuracy,learning_rate,loss,val_accuracy,val_loss
0,0.8135676383972168,9.999999747378752e-06,0.5844030380249023,0.9151610136032104,0.23320463299751282
1,0.8567150831222534,9.999999747378752e-06,0.39204028248786926,0.9135899543762207,0.22659951448440552
2,0.880178689956665,9.999999747378752e-06,0.33126911520957947,0.9155538082122803,0.21704652905464172
3,0.8852346539497375,9.999999747378752e-06,0.30868440866470337,0.9202671051025391,0.2109604924917221
4,0.8933830857276917,9.999999747378752e-06,0.28429126739501953,0.9202671051025391,0.20126810669898987
5,0.9005497694015503,9.999999747378752e-06,0.2673254609107971,0.9253731369972229,0.19493111968040466
6,0.9012860655784607,9.999999747378752e-06,0.2615210711956024,0.924587607383728,0.19110435247421265
7,0.9075692296028137,9.999999747378752e-06,0.24428002536296844,0.9253731369972229,0.18582114577293396
